{
  "asof_et": "2026-01-25T14:05:45.543573-05:00",
  "session": "REG",
  "mode": "PREPOST",
  "normal": [],
  "penny": [],
  "gappers": [
    {
      "symbol": "WULF",
      "last": 14.11,
      "prev_close": 12.89,
      "gap_pct": 9.464701318851814,
      "session_vol": 60010,
      "score": 13.132129038096505,
      "session": "PRE",
      "universe": "NORMAL",
      "notes": "GapUp | P1",
      "news_headline": "Why The TeraWulf (WULF) Story Is Shifting After Fresh Analyst Price Target Reset",
      "news_source": "Yahoo",
      "news_age_min": 717,
      "news_url": "https://finnhub.io/api/news?id=aae5bf912185adeebe2cc0e10dacd1f966891ef568a88b1b8ecf668349cb7e4a",
      "catalyst": "ANALYST",
      "risk_flag": ""
    },
    {
      "symbol": "JDST",
      "last": 1.57,
      "prev_close": 1.635,
      "gap_pct": -3.975535168195715,
      "session_vol": 133100,
      "score": 7.9084896740300445,
      "session": "PRE",
      "universe": "PENNY",
      "notes": "GapDown | P1",
      "news_headline": "",
      "news_source": "",
      "news_age_min": 0,
      "news_url": "",
      "catalyst": "",
      "risk_flag": ""
    },
    {
      "symbol": "AVTR",
      "last": 11.79,
      "prev_close": 12.23,
      "gap_pct": -3.597710547833207,
      "session_vol": 66845,
      "score": 7.301092796262331,
      "session": "PRE",
      "universe": "NORMAL",
      "notes": "GapDown | P1",
      "news_headline": "How Investors Are Reacting To Avantor (AVTR) Weaker Core Trends And Questions On Capital\u2026",
      "news_source": "Yahoo",
      "news_age_min": 598,
      "news_url": "https://finnhub.io/api/news?id=09b6b7b223a278b8c0e49b3e3f4d4e9fd1f12a18c51d711d49688bc917670a86",
      "catalyst": "UNKNOWN",
      "risk_flag": ""
    },
    {
      "symbol": "SOXL",
      "last": 61.53,
      "prev_close": 63.735,
      "gap_pct": -3.4596375617792394,
      "session_vol": 63917,
      "score": 7.148089658725657,
      "session": "PRE",
      "universe": "NORMAL",
      "notes": "GapDown | P1",
      "news_headline": "",
      "news_source": "",
      "news_age_min": 0,
      "news_url": "",
      "catalyst": "",
      "risk_flag": ""
    },
    {
      "symbol": "KRE",
      "last": 67.62,
      "prev_close": 69.94,
      "gap_pct": -3.3171289676865787,
      "session_vol": 64100,
      "score": 7.006534048823611,
      "session": "PRE",
      "universe": "NORMAL",
      "notes": "GapDown | P1",
      "news_headline": "Bank Margins, Earnings Set To Expand, Possibly Defy Credit Concerns",
      "news_source": "SeekingAlpha",
      "news_age_min": 2185,
      "news_url": "https://finnhub.io/api/news?id=40b24fbf75efd715e028cb2f90bdc8dea6191575e320baad7536a66cd1283fd8",
      "catalyst": "EARNINGS",
      "risk_flag": ""
    },
    {
      "symbol": "IQ",
      "last": 2.035,
      "prev_close": 2.1,
      "gap_pct": -3.0952380952380927,
      "session_vol": 134043,
      "score": 7.030545889652841,
      "session": "PRE",
      "universe": "PENNY",
      "notes": "GapDown | P1",
      "news_headline": "",
      "news_source": "",
      "news_age_min": 0,
      "news_url": "",
      "catalyst": "",
      "risk_flag": ""
    }
  ]
}