{
  "asof_et": "2026-01-25T00:49:41.171046-05:00",
  "session": "CLOSED",
  "mode": "PREPOST",
  "normal": [],
  "penny": [],
  "gappers": [
    {
      "symbol": "MOVE",
      "last": 16.71,
      "prev_close": 7.0,
      "gap_pct": 138.71428571428572,
      "session_vol": 115743,
      "score": 142.60066442586967,
      "session": "PRE",
      "universe": "NORMAL",
      "notes": "GapUp | P1",
      "news_headline": "",
      "news_source": "",
      "news_age_min": 0,
      "news_url": "",
      "catalyst": "",
      "risk_flag": ""
    },
    {
      "symbol": "BNAI",
      "last": 16.385,
      "prev_close": 8.83,
      "gap_pct": 85.56058890147227,
      "session_vol": 129835,
      "score": 89.48526469966116,
      "session": "PRE",
      "universe": "NORMAL",
      "notes": "GapUp | P1",
      "news_headline": "",
      "news_source": "",
      "news_age_min": 0,
      "news_url": "",
      "catalyst": "",
      "risk_flag": ""
    },
    {
      "symbol": "DRCT",
      "last": 4.12,
      "prev_close": 2.31,
      "gap_pct": 78.35497835497836,
      "session_vol": 423376,
      "score": 82.67365112632949,
      "session": "PRE",
      "universe": "PENNY",
      "notes": "GapUp | P1",
      "news_headline": "",
      "news_source": "",
      "news_age_min": 0,
      "news_url": "",
      "catalyst": "",
      "risk_flag": ""
    },
    {
      "symbol": "THH",
      "last": 1.08,
      "prev_close": 0.7,
      "gap_pct": 54.285714285714306,
      "session_vol": 212681,
      "score": 58.3748987428387,
      "session": "PRE",
      "universe": "PENNY",
      "notes": "GapUp | P1",
      "news_headline": "",
      "news_source": "",
      "news_age_min": 0,
      "news_url": "",
      "catalyst": "",
      "risk_flag": ""
    },
    {
      "symbol": "QCLS",
      "last": 5.68,
      "prev_close": 4.065,
      "gap_pct": 39.729397293972916,
      "session_vol": 150112,
      "score": 43.702445168239116,
      "session": "PRE",
      "universe": "NORMAL",
      "notes": "GapUp | P1",
      "news_headline": "",
      "news_source": "",
      "news_age_min": 0,
      "news_url": "",
      "catalyst": "",
      "risk_flag": ""
    },
    {
      "symbol": "KUST",
      "last": 2.66,
      "prev_close": 1.98,
      "gap_pct": 34.34343434343435,
      "session_vol": 1327532,
      "score": 39.04304530694979,
      "session": "PRE",
      "universe": "PENNY",
      "notes": "GapUp | P1",
      "news_headline": "",
      "news_source": "",
      "news_age_min": 0,
      "news_url": "",
      "catalyst": "",
      "risk_flag": ""
    },
    {
      "symbol": "CHRS",
      "last": 2.055,
      "prev_close": 1.585,
      "gap_pct": 29.652996845425882,
      "session_vol": 679737,
      "score": 34.12948441502248,
      "session": "PRE",
      "universe": "PENNY",
      "notes": "GapUp | P1",
      "news_headline": "",
      "news_source": "",
      "news_age_min": 0,
      "news_url": "",
      "catalyst": "",
      "risk_flag": ""
    },
    {
      "symbol": "LIF",
      "last": 68.11,
      "prev_close": 54.785,
      "gap_pct": 24.32235100848773,
      "session_vol": 126067,
      "score": 28.23720991612008,
      "session": "PRE",
      "universe": "NORMAL",
      "notes": "GapUp | P1",
      "news_headline": "",
      "news_source": "",
      "news_age_min": 0,
      "news_url": "",
      "catalyst": "",
      "risk_flag": ""
    },
    {
      "symbol": "NAMM",
      "last": 3.12,
      "prev_close": 4.09,
      "gap_pct": -23.716381418092904,
      "session_vol": 384290,
      "score": 28.00276653711789,
      "session": "PRE",
      "universe": "PENNY",
      "notes": "GapDown | P1",
      "news_headline": "",
      "news_source": "",
      "news_age_min": 0,
      "news_url": "",
      "catalyst": "",
      "risk_flag": ""
    },
    {
      "symbol": "BTGO",
      "last": 14.53,
      "prev_close": 18.6,
      "gap_pct": -21.88172043010754,
      "session_vol": 248464,
      "score": 26.02273951995047,
      "session": "PRE",
      "universe": "NORMAL",
      "notes": "GapDown | P1",
      "news_headline": "",
      "news_source": "",
      "news_age_min": 0,
      "news_url": "",
      "catalyst": "",
      "risk_flag": ""
    },
    {
      "symbol": "PLG",
      "last": 3.465,
      "prev_close": 2.935,
      "gap_pct": 18.057921635434404,
      "session_vol": 519043,
      "score": 22.44450294775926,
      "session": "PRE",
      "universe": "PENNY",
      "notes": "GapUp | P1",
      "news_headline": "",
      "news_source": "",
      "news_age_min": 0,
      "news_url": "",
      "catalyst": "",
      "risk_flag": ""
    },
    {
      "symbol": "SGML",
      "last": 14.71,
      "prev_close": 12.52,
      "gap_pct": 17.492012779552727,
      "session_vol": 219061,
      "score": 21.59104947080433,
      "session": "PRE",
      "universe": "NORMAL",
      "notes": "GapUp | P1",
      "news_headline": "",
      "news_source": "",
      "news_age_min": 0,
      "news_url": "",
      "catalyst": "",
      "risk_flag": ""
    },
    {
      "symbol": "AUST",
      "last": 2.27,
      "prev_close": 1.94,
      "gap_pct": 17.01030927835052,
      "session_vol": 244511,
      "score": 21.145982500499617,
      "session": "PRE",
      "universe": "PENNY",
      "notes": "GapUp | P1",
      "news_headline": "",
      "news_source": "",
      "news_age_min": 0,
      "news_url": "",
      "catalyst": "",
      "risk_flag": ""
    },
    {
      "symbol": "GORO",
      "last": 1.6,
      "prev_close": 1.37,
      "gap_pct": 16.788321167883208,
      "session_vol": 220923,
      "score": 20.89017917786753,
      "session": "PRE",
      "universe": "PENNY",
      "notes": "GapUp | P1",
      "news_headline": "",
      "news_source": "",
      "news_age_min": 0,
      "news_url": "",
      "catalyst": "",
      "risk_flag": ""
    },
    {
      "symbol": "IRE",
      "last": 12.15,
      "prev_close": 10.56,
      "gap_pct": 15.05681818181818,
      "session_vol": 370776,
      "score": 19.331270209385696,
      "session": "PRE",
      "universe": "NORMAL",
      "notes": "GapUp | P1",
      "news_headline": "",
      "news_source": "",
      "news_age_min": 0,
      "news_url": "",
      "catalyst": "",
      "risk_flag": ""
    },
    {
      "symbol": "ZSL",
      "last": 2.24,
      "prev_close": 2.595,
      "gap_pct": -13.680154142581888,
      "session_vol": 7762670,
      "score": 18.968433153904137,
      "session": "PRE",
      "universe": "PENNY",
      "notes": "GapDown | P1",
      "news_headline": "",
      "news_source": "",
      "news_age_min": 0,
      "news_url": "",
      "catalyst": "",
      "risk_flag": ""
    },
    {
      "symbol": "LPTH",
      "last": 12.42,
      "prev_close": 14.33,
      "gap_pct": -13.328681088625263,
      "session_vol": 122176,
      "score": 17.233089785947094,
      "session": "PRE",
      "universe": "NORMAL",
      "notes": "GapDown | P1",
      "news_headline": "",
      "news_source": "",
      "news_age_min": 0,
      "news_url": "",
      "catalyst": "",
      "risk_flag": ""
    },
    {
      "symbol": "SIDU",
      "last": 4.22,
      "prev_close": 3.73,
      "gap_pct": 13.136729222520103,
      "session_vol": 471086,
      "score": 17.490995245625747,
      "session": "PRE",
      "universe": "PENNY",
      "notes": "GapUp | P1",
      "news_headline": "",
      "news_source": "",
      "news_age_min": 0,
      "news_url": "",
      "catalyst": "",
      "risk_flag": ""
    },
    {
      "symbol": "APGE",
      "last": 70.035,
      "prev_close": 79.79,
      "gap_pct": -12.225842837448313,
      "session_vol": 216240,
      "score": 16.320559105925295,
      "session": "PRE",
      "universe": "NORMAL",
      "notes": "GapDown | P1",
      "news_headline": "",
      "news_source": "",
      "news_age_min": 0,
      "news_url": "",
      "catalyst": "",
      "risk_flag": ""
    },
    {
      "symbol": "GLDG",
      "last": 1.895,
      "prev_close": 1.705,
      "gap_pct": 11.143695014662754,
      "session_vol": 474023,
      "score": 15.500032758765022,
      "session": "PRE",
      "universe": "PENNY",
      "notes": "GapUp | P1",
      "news_headline": "",
      "news_source": "",
      "news_age_min": 0,
      "news_url": "",
      "catalyst": "",
      "risk_flag": ""
    },
    {
      "symbol": "NEXA",
      "last": 13.68,
      "prev_close": 12.31,
      "gap_pct": 11.12916328188464,
      "session_vol": 118295,
      "score": 15.022811694235749,
      "session": "PRE",
      "universe": "NORMAL",
      "notes": "GapUp | P1",
      "news_headline": "",
      "news_source": "",
      "news_age_min": 0,
      "news_url": "",
      "catalyst": "",
      "risk_flag": ""
    },
    {
      "symbol": "QURE",
      "last": 25.1,
      "prev_close": 22.73,
      "gap_pct": 10.426748790145187,
      "session_vol": 177939,
      "score": 14.456482688078106,
      "session": "PRE",
      "universe": "NORMAL",
      "notes": "GapUp | P1",
      "news_headline": "",
      "news_source": "",
      "news_age_min": 0,
      "news_url": "",
      "catalyst": "",
      "risk_flag": ""
    },
    {
      "symbol": "BHC",
      "last": 5.9,
      "prev_close": 6.565,
      "gap_pct": -10.12947448591013,
      "session_vol": 259920,
      "score": 14.285518825134538,
      "session": "PRE",
      "universe": "NORMAL",
      "notes": "GapDown | P1",
      "news_headline": "",
      "news_source": "",
      "news_age_min": 0,
      "news_url": "",
      "catalyst": "",
      "risk_flag": ""
    },
    {
      "symbol": "STVN",
      "last": 17.245,
      "prev_close": 19.17,
      "gap_pct": -10.04173187271779,
      "session_vol": 235246,
      "score": 14.164528974376204,
      "session": "PRE",
      "universe": "NORMAL",
      "notes": "GapDown | P1",
      "news_headline": "",
      "news_source": "",
      "news_age_min": 0,
      "news_url": "",
      "catalyst": "",
      "risk_flag": ""
    },
    {
      "symbol": "FORM",
      "last": 73.14,
      "prev_close": 80.96,
      "gap_pct": -9.659090909090901,
      "session_vol": 128918,
      "score": 13.581404102141208,
      "session": "PRE",
      "universe": "NORMAL",
      "notes": "GapDown | P1",
      "news_headline": "",
      "news_source": "",
      "news_age_min": 0,
      "news_url": "",
      "catalyst": "",
      "risk_flag": ""
    }
  ]
}