{
  "asof_et": "2026-01-25T00:25:49.029522-05:00",
  "session": "CLOSED",
  "mode": "PREPOST",
  "normal": [],
  "penny": [],
  "gappers": [
    {
      "symbol": "DRCT",
      "last": 4.12,
      "prev_close": 2.31,
      "gap_pct": 78.35497835497836,
      "session_vol": 423376,
      "score": 82.67365112632949,
      "session": "PRE",
      "universe": "PENNY",
      "notes": "GapUp | P1",
      "news_headline": "",
      "news_source": "",
      "news_age_min": 0,
      "news_url": ""
    },
    {
      "symbol": "THH",
      "last": 1.08,
      "prev_close": 0.7,
      "gap_pct": 54.285714285714306,
      "session_vol": 212681,
      "score": 58.3748987428387,
      "session": "PRE",
      "universe": "PENNY",
      "notes": "GapUp | P1",
      "news_headline": "",
      "news_source": "",
      "news_age_min": 0,
      "news_url": ""
    },
    {
      "symbol": "KUST",
      "last": 2.66,
      "prev_close": 1.98,
      "gap_pct": 34.34343434343435,
      "session_vol": 1327532,
      "score": 39.04304530694979,
      "session": "PRE",
      "universe": "PENNY",
      "notes": "GapUp | P1",
      "news_headline": "",
      "news_source": "",
      "news_age_min": 0,
      "news_url": ""
    },
    {
      "symbol": "CHRS",
      "last": 2.055,
      "prev_close": 1.585,
      "gap_pct": 29.652996845425882,
      "session_vol": 679737,
      "score": 34.12948441502248,
      "session": "PRE",
      "universe": "PENNY",
      "notes": "GapUp | P1",
      "news_headline": "",
      "news_source": "",
      "news_age_min": 0,
      "news_url": ""
    },
    {
      "symbol": "NAMM",
      "last": 3.12,
      "prev_close": 4.09,
      "gap_pct": -23.716381418092904,
      "session_vol": 384290,
      "score": 28.00276653711789,
      "session": "PRE",
      "universe": "PENNY",
      "notes": "GapDown | P1",
      "news_headline": "",
      "news_source": "",
      "news_age_min": 0,
      "news_url": ""
    },
    {
      "symbol": "ASM",
      "last": 9.305,
      "prev_close": 7.8,
      "gap_pct": 19.294871794871792,
      "session_vol": 546705,
      "score": 23.69876061479293,
      "session": "PRE",
      "universe": "NORMAL",
      "notes": "GapUp | P1",
      "news_headline": "",
      "news_source": "",
      "news_age_min": 0,
      "news_url": ""
    },
    {
      "symbol": "PLG",
      "last": 3.465,
      "prev_close": 2.935,
      "gap_pct": 18.057921635434404,
      "session_vol": 519043,
      "score": 22.44450294775926,
      "session": "PRE",
      "universe": "PENNY",
      "notes": "GapUp | P1",
      "news_headline": "",
      "news_source": "",
      "news_age_min": 0,
      "news_url": ""
    },
    {
      "symbol": "INTC",
      "last": 45.01,
      "prev_close": 54.33,
      "gap_pct": -17.154426651941836,
      "session_vol": 7648704,
      "score": 22.437775622084274,
      "session": "PRE",
      "universe": "NORMAL",
      "notes": "GapDown | P1",
      "news_headline": "",
      "news_source": "",
      "news_age_min": 0,
      "news_url": ""
    },
    {
      "symbol": "AUST",
      "last": 2.27,
      "prev_close": 1.94,
      "gap_pct": 17.01030927835052,
      "session_vol": 244511,
      "score": 21.145982500499617,
      "session": "PRE",
      "universe": "PENNY",
      "notes": "GapUp | P1",
      "news_headline": "",
      "news_source": "",
      "news_age_min": 0,
      "news_url": ""
    },
    {
      "symbol": "GORO",
      "last": 1.6,
      "prev_close": 1.37,
      "gap_pct": 16.788321167883208,
      "session_vol": 220923,
      "score": 20.89017917786753,
      "session": "PRE",
      "universe": "PENNY",
      "notes": "GapUp | P1",
      "news_headline": "",
      "news_source": "",
      "news_age_min": 0,
      "news_url": ""
    },
    {
      "symbol": "SOC",
      "last": 10.405,
      "prev_close": 12.4,
      "gap_pct": -16.088709677419363,
      "session_vol": 494435,
      "score": 20.45910067675559,
      "session": "PRE",
      "universe": "NORMAL",
      "notes": "GapDown | P1",
      "news_headline": "",
      "news_source": "",
      "news_age_min": 0,
      "news_url": ""
    },
    {
      "symbol": "SATL",
      "last": 5.235,
      "prev_close": 4.555,
      "gap_pct": 14.928649835345789,
      "session_vol": 492864,
      "score": 19.29798002929717,
      "session": "PRE",
      "universe": "NORMAL",
      "notes": "GapUp | P1",
      "news_headline": "",
      "news_source": "",
      "news_age_min": 0,
      "news_url": ""
    },
    {
      "symbol": "TMC",
      "last": 9.445,
      "prev_close": 8.305,
      "gap_pct": 13.726670680313072,
      "session_vol": 411042,
      "score": 18.03548838393868,
      "session": "PRE",
      "universe": "NORMAL",
      "notes": "GapUp | P1",
      "news_headline": "",
      "news_source": "",
      "news_age_min": 0,
      "news_url": ""
    },
    {
      "symbol": "ZSL",
      "last": 2.24,
      "prev_close": 2.595,
      "gap_pct": -13.680154142581888,
      "session_vol": 7762670,
      "score": 18.968433153904137,
      "session": "PRE",
      "universe": "PENNY",
      "notes": "GapDown | P1",
      "news_headline": "",
      "news_source": "",
      "news_age_min": 0,
      "news_url": ""
    },
    {
      "symbol": "SIDU",
      "last": 4.22,
      "prev_close": 3.73,
      "gap_pct": 13.136729222520103,
      "session_vol": 471086,
      "score": 17.490995245625747,
      "session": "PRE",
      "universe": "PENNY",
      "notes": "GapUp | P1",
      "news_headline": "",
      "news_source": "",
      "news_age_min": 0,
      "news_url": ""
    },
    {
      "symbol": "IBRX",
      "last": 6.45,
      "prev_close": 7.34,
      "gap_pct": -12.125340599455036,
      "session_vol": 1528149,
      "score": 16.871863403264953,
      "session": "PRE",
      "universe": "NORMAL",
      "notes": "GapDown | P1",
      "news_headline": "",
      "news_source": "",
      "news_age_min": 0,
      "news_url": ""
    },
    {
      "symbol": "CRML",
      "last": 20.61,
      "prev_close": 18.43,
      "gap_pct": 11.828540423223005,
      "session_vol": 650031,
      "score": 16.290132713699425,
      "session": "PRE",
      "universe": "NORMAL",
      "notes": "GapUp | P1",
      "news_headline": "",
      "news_source": "",
      "news_age_min": 0,
      "news_url": ""
    },
    {
      "symbol": "GLDG",
      "last": 1.895,
      "prev_close": 1.705,
      "gap_pct": 11.143695014662754,
      "session_vol": 474023,
      "score": 15.500032758765022,
      "session": "PRE",
      "universe": "PENNY",
      "notes": "GapUp | P1",
      "news_headline": "",
      "news_source": "",
      "news_age_min": 0,
      "news_url": ""
    },
    {
      "symbol": "NVTS",
      "last": 10.16,
      "prev_close": 11.28,
      "gap_pct": -9.929078014184391,
      "session_vol": 735077,
      "score": 14.431655312522178,
      "session": "PRE",
      "universe": "NORMAL",
      "notes": "GapDown | P1",
      "news_headline": "",
      "news_source": "",
      "news_age_min": 0,
      "news_url": ""
    },
    {
      "symbol": "WULF",
      "last": 14.11,
      "prev_close": 12.89,
      "gap_pct": 9.464701318851814,
      "session_vol": 1456121,
      "score": 14.195130417330905,
      "session": "PRE",
      "universe": "NORMAL",
      "notes": "GapUp | P1",
      "news_headline": "",
      "news_source": "",
      "news_age_min": 0,
      "news_url": ""
    },
    {
      "symbol": "RZLV",
      "last": 3.11,
      "prev_close": 3.43,
      "gap_pct": -9.32944606413995,
      "session_vol": 1434632,
      "score": 14.0549192725858,
      "session": "PRE",
      "universe": "PENNY",
      "notes": "GapDown | P1",
      "news_headline": "",
      "news_source": "",
      "news_age_min": 0,
      "news_url": ""
    },
    {
      "symbol": "ABCL",
      "last": 4.23,
      "prev_close": 4.64,
      "gap_pct": -8.836206896551708,
      "session_vol": 253660,
      "score": 12.984124899517909,
      "session": "PRE",
      "universe": "PENNY",
      "notes": "GapDown | P1",
      "news_headline": "",
      "news_source": "",
      "news_age_min": 0,
      "news_url": ""
    },
    {
      "symbol": "ERIC",
      "last": 10.43,
      "prev_close": 9.6,
      "gap_pct": 8.645833333333334,
      "session_vol": 1171365,
      "score": 13.30372704903947,
      "session": "PRE",
      "universe": "NORMAL",
      "notes": "GapUp | P1",
      "news_headline": "",
      "news_source": "",
      "news_age_min": 0,
      "news_url": ""
    },
    {
      "symbol": "CABA",
      "last": 3.18,
      "prev_close": 2.93,
      "gap_pct": 8.532423208191126,
      "session_vol": 330647,
      "score": 12.768693089655308,
      "session": "PRE",
      "universe": "PENNY",
      "notes": "GapUp | P1",
      "news_headline": "",
      "news_source": "",
      "news_age_min": 0,
      "news_url": ""
    },
    {
      "symbol": "IREN",
      "last": 56.7,
      "prev_close": 52.245,
      "gap_pct": 8.527131782945748,
      "session_vol": 967084,
      "score": 13.121145673377839,
      "session": "PRE",
      "universe": "NORMAL",
      "notes": "GapUp | P1",
      "news_headline": "",
      "news_source": "",
      "news_age_min": 0,
      "news_url": ""
    }
  ]
}