{
  "asof_et": "2026-01-25T20:35:12.179370-05:00",
  "session": "CLOSED",
  "mode": "PREPOST",
  "normal": [],
  "penny": [],
  "gappers": [
    {
      "symbol": "JDST",
      "last": 1.57,
      "prev_close": 1.635,
      "gap_pct": -3.975535168195715,
      "session_vol": 133100,
      "score": 7.9084896740300445,
      "session": "PRE",
      "universe": "PENNY",
      "notes": "GapDown | P1",
      "news_headline": "",
      "news_source": "",
      "news_age_min": 0,
      "news_url": "",
      "catalyst": "",
      "risk_flag": "",
      "ready": 0,
      "ready_reason": "NoPersist"
    },
    {
      "symbol": "AVTR",
      "last": 11.79,
      "prev_close": 12.23,
      "gap_pct": -3.597710547833207,
      "session_vol": 66845,
      "score": 7.301092796262331,
      "session": "PRE",
      "universe": "NORMAL",
      "notes": "GapDown | P1",
      "news_headline": "How Investors Are Reacting To Avantor (AVTR) Weaker Core Trends And Questions On Capital\u2026",
      "news_source": "Yahoo",
      "news_age_min": 988,
      "news_url": "https://finnhub.io/api/news?id=09b6b7b223a278b8c0e49b3e3f4d4e9fd1f12a18c51d711d49688bc917670a86",
      "catalyst": "UNKNOWN",
      "risk_flag": "",
      "ready": 0,
      "ready_reason": "NoPersist"
    },
    {
      "symbol": "IQ",
      "last": 2.035,
      "prev_close": 2.1,
      "gap_pct": -3.0952380952380927,
      "session_vol": 134043,
      "score": 7.030545889652841,
      "session": "PRE",
      "universe": "PENNY",
      "notes": "GapDown | P1",
      "news_headline": "",
      "news_source": "",
      "news_age_min": 0,
      "news_url": "",
      "catalyst": "",
      "risk_flag": "",
      "ready": 0,
      "ready_reason": "NoPersist"
    }
  ]
}